{
   "dashboards": [{
      "autoswitchEnabled": false,
      "columnCount": 1,
      "columnProportion": "1-1",
      "creationTime": 1665789694622,
      "dashboardNavigations": {},
      "description": "",
      "disabled": false,
      "gridsterMaxColumns": 12,
      "hidden": false,
      "homeTab": false,
      "id": "ed62d6ac-87aa-40fe-8eec-e677c6e637ea",
      "importAttempts": 0,
      "importComplete": true,
      "lastUpdateTime": 1665836729863,
      "lastUpdateUserId": "287ed085-c6ca-4255-b69c-956f1665ed51",
      "locked": false,
      "name": "Custom Dashboards/VM Details v2",
      "namePath": "Custom Dashboards",
      "rank": 0,
      "shared": false,
      "states": [{
         "key": "permDashboardTime_dashboard_ed62d6ac-87aa-40fe-8eec-e677c6e637ea",
         "value": "o%3AdateRange%3Ds%253Alast6Hour%5EdateRangeText%3Ds%253A6H"
      }],
      "temporary": false,
      "userId": "287ed085-c6ca-4255-b69c-956f1665ed51",
      "widgetInteractions": [
         {
            "type": "resourceId",
            "widgetIdProvider": "971b71fe-75c5-4fcd-b15c-c81e8ead6cae",
            "widgetIdReceiver": "04ed5361-e01e-4f60-b4bc-ed7487dd2d03"
         },
         {
            "type": "resourceId",
            "widgetIdProvider": "971b71fe-75c5-4fcd-b15c-c81e8ead6cae",
            "widgetIdReceiver": "6642baed-d075-4a65-9a10-533fcfd25cf8"
         },
         {
            "type": "resourceId",
            "widgetIdProvider": "971b71fe-75c5-4fcd-b15c-c81e8ead6cae",
            "widgetIdReceiver": "88a9dc48-c0de-4fc0-8bff-c9117ca61b62"
         }
      ],
      "widgets": [
         {
            "collapsed": false,
            "config": {
               "chartViewItems": [],
               "isUpdatedView": true,
               "refreshContent": {"refreshContent": true},
               "refreshInterval": 300,
               "resource": {
                  "id": "Ext.vcops.chrome.model.Resource-424",
                  "resourceId": "resource:id:0_::_",
                  "resourceKindId": "002006VMWAREvSphere World",
                  "resourceName": "vSphere World",
                  "traversalSpecId": ""
               },
               "selectFirstRow": {"selectFirstRow": true},
               "selfProvider": {"selfProvider": true},
               "title": "VM Details",
               "traversalSpecId": null,
               "viewDefinitionId": "f6b9f837-8358-475c-938b-0a5ba2f9e435"
            },
            "gridsterCoords": {
               "h": 10,
               "w": 12,
               "x": 1,
               "y": 7
            },
            "height": 552,
            "id": "971b71fe-75c5-4fcd-b15c-c81e8ead6cae",
            "states": [
               {
                  "key": "permSelectedDate_widget_ed62d6ac-87aa-40fe-8eec-e677c6e637ea_971b71fe-75c5-4fcd-b15c-c81e8ead6cae",
                  "value": "s%3A%7B%22minType%22%3A%22.TimeIntervalControl%22%2C%22advancedTimeMode%22%3Afalse%2C%22fromTime%22%3Anull%2C%22unit%22%3A%22HOURS%22%2C%22count%22%3A24%2C%22priorUnit%22%3Anull%2C%22priorCount%22%3Anull%2C%22startSubUnit%22%3Anull%2C%22startPeriod%22%3Anull%2C%22toTime%22%3Anull%2C%22endUnit%22%3Anull%2C%22endCount%22%3Anull%2C%22endSubUnit%22%3Anull%2C%22endPeriod%22%3Anull%2C%22isRealTimeData%22%3Anull%2C%22mondayHours%22%3Anull%2C%22tuesdayHours%22%3Anull%2C%22wednesdayHours%22%3Anull%2C%22thursdayHours%22%3Anull%2C%22fridayHours%22%3Anull%2C%22saturdayHours%22%3Anull%2C%22sundayHours%22%3Anull%7D"
               },
               {
                  "key": "permPageSize_widget_ed62d6ac-87aa-40fe-8eec-e677c6e637ea_971b71fe-75c5-4fcd-b15c-c81e8ead6cae",
                  "value": "n%3A100"
               },
               {
                  "key": "perm_isDashboardTime_widget_ed62d6ac-87aa-40fe-8eec-e677c6e637ea_971b71fe-75c5-4fcd-b15c-c81e8ead6cae",
                  "value": "b%3A0"
               },
               {
                  "key": "perm_toolbarVisible_widget_ed62d6ac-87aa-40fe-8eec-e677c6e637ea_971b71fe-75c5-4fcd-b15c-c81e8ead6cae",
                  "value": "b%3A1"
               }
            ],
            "title": "VM Details",
            "type": "View"
         },
         {
            "collapsed": false,
            "config": {
               "chartViewItems": [],
               "isUpdatedView": true,
               "refreshContent": {"refreshContent": true},
               "refreshInterval": 300,
               "resource": null,
               "selectFirstRow": {"selectFirstRow": false},
               "selfProvider": {"selfProvider": false},
               "title": "Disk Details (for selected VM)",
               "traversalSpecId": "",
               "viewDefinitionId": "bf6f779d-b37d-408e-a0c9-3e0cf25aa2f5"
            },
            "gridsterCoords": {
               "h": 6,
               "w": 4,
               "x": 9,
               "y": 17
            },
            "height": 324,
            "id": "04ed5361-e01e-4f60-b4bc-ed7487dd2d03",
            "states": [{
               "key": "perm_isDashboardTime_widget_ed62d6ac-87aa-40fe-8eec-e677c6e637ea_04ed5361-e01e-4f60-b4bc-ed7487dd2d03",
               "value": "b%3A0"
            }],
            "title": "Disk Details (for selected VM)",
            "type": "View"
         },
         {
            "collapsed": false,
            "config": {
               "customFilter": {
                  "excludedResources": null,
                  "filter": [],
                  "includedResources": null
               },
               "depth": 1,
               "metric": {
                  "mode": "resourceKind",
                  "resourceKindMetrics": [{
                     "colorMethod": 2,
                     "handleOldColoring": false,
                     "id": "extModel12593-1",
                     "isStringMetric": false,
                     "metricKey": "mem|usage_average",
                     "metricName": "Memory|Usage",
                     "metricUnitId": "percent",
                     "orangeBound": null,
                     "redBound": null,
                     "resourceKindId": "resourceKind:id:0_::_",
                     "resourceKindName": "Virtual Machine",
                     "unit": "%",
                     "yellowBound": null
                  }],
                  "resourceMetrics": [],
                  "subMode": "resourceKindAll"
               },
               "refreshContent": {"refreshContent": true},
               "refreshInterval": 300,
               "relationshipMode": {"relationshipMode": 0},
               "resInteractionMode": null,
               "resource": [],
               "selfProvider": {"selfProvider": false},
               "title": "Memory Usage (for selected VM)"
            },
            "gridsterCoords": {
               "h": 6,
               "w": 4,
               "x": 5,
               "y": 17
            },
            "height": 324,
            "id": "6642baed-d075-4a65-9a10-533fcfd25cf8",
            "states": [
               {
                  "key": "permBtn_zoomAllGraphs_permMetricChart_widget_ed62d6ac-87aa-40fe-8eec-e677c6e637ea_6642baed-d075-4a65-9a10-533fcfd25cf8",
                  "value": "b%3A0"
               },
               {
                  "key": "permDateRange3_permMetricChart_widget_ed62d6ac-87aa-40fe-8eec-e677c6e637ea_6642baed-d075-4a65-9a10-533fcfd25cf8",
                  "value": "s%3A%7B%22dateRange%22%3A2%2C%22dateFrom%22%3Anull%2C%22dateTo%22%3Anull%2C%22timeFrom%22%3Anull%2C%22timeTo%22%3Anull%7D"
               },
               {
                  "key": "permDateRange2_permMetricChart_widget_ed62d6ac-87aa-40fe-8eec-e677c6e637ea_6642baed-d075-4a65-9a10-533fcfd25cf8",
                  "value": "s%3A%7B%22dateRange%22%3A1%2C%22dateFrom%22%3Anull%2C%22dateTo%22%3Anull%2C%22timeFrom%22%3Anull%2C%22timeTo%22%3Anull%7D"
               },
               {
                  "key": "permDateRange1_permMetricChart_widget_ed62d6ac-87aa-40fe-8eec-e677c6e637ea_6642baed-d075-4a65-9a10-533fcfd25cf8",
                  "value": "s%3A%7B%22dateRange%22%3A%22dashboardTime%22%2C%22dateFrom%22%3Anull%2C%22dateTo%22%3Anull%2C%22timeFrom%22%3Anull%2C%22timeTo%22%3Anull%7D"
               },
               {
                  "key": "permMetricChart_widget_ed62d6ac-87aa-40fe-8eec-e677c6e637ea_6642baed-d075-4a65-9a10-533fcfd25cf8",
                  "value": "o%3A"
               },
               {
                  "key": "perm_toolbarVisible_widget_ed62d6ac-87aa-40fe-8eec-e677c6e637ea_6642baed-d075-4a65-9a10-533fcfd25cf8",
                  "value": "b%3A1"
               },
               {
                  "key": "permBtn_splitGraphs_permMetricChart_widget_ed62d6ac-87aa-40fe-8eec-e677c6e637ea_6642baed-d075-4a65-9a10-533fcfd25cf8",
                  "value": "b%3A1"
               },
               {
                  "key": "permBtn_pan_permMetricChart_widget_ed62d6ac-87aa-40fe-8eec-e677c6e637ea_6642baed-d075-4a65-9a10-533fcfd25cf8",
                  "value": "b%3A0"
               }
            ],
            "title": "Memory Usage (for selected VM)",
            "type": "MetricChart"
         },
         {
            "collapsed": false,
            "config": {
               "customFilter": {
                  "excludedResources": null,
                  "filter": [],
                  "includedResources": null
               },
               "depth": 1,
               "metric": {
                  "mode": "resourceKind",
                  "resourceKindMetrics": [{
                     "colorMethod": 2,
                     "handleOldColoring": false,
                     "id": "extModel15313-1",
                     "isStringMetric": false,
                     "metricKey": "cpu|usage_average",
                     "metricName": "CPU|Usage",
                     "metricUnitId": "percent",
                     "orangeBound": null,
                     "redBound": null,
                     "resourceKindId": "resourceKind:id:0_::_",
                     "resourceKindName": "Virtual Machine",
                     "unit": "%",
                     "yellowBound": null
                  }],
                  "resourceMetrics": [],
                  "subMode": "resourceKindAll"
               },
               "refreshContent": {"refreshContent": true},
               "refreshInterval": 300,
               "relationshipMode": {"relationshipMode": 0},
               "resInteractionMode": null,
               "resource": [],
               "selfProvider": {"selfProvider": false},
               "title": "CPU Usage (for selected VM)"
            },
            "gridsterCoords": {
               "h": 6,
               "w": 4,
               "x": 1,
               "y": 17
            },
            "height": 324,
            "id": "88a9dc48-c0de-4fc0-8bff-c9117ca61b62",
            "states": [
               {
                  "key": "permBtn_pan_permMetricChart_widget_ed62d6ac-87aa-40fe-8eec-e677c6e637ea_88a9dc48-c0de-4fc0-8bff-c9117ca61b62",
                  "value": "b%3A0"
               },
               {
                  "key": "permMetricChart_widget_ed62d6ac-87aa-40fe-8eec-e677c6e637ea_88a9dc48-c0de-4fc0-8bff-c9117ca61b62",
                  "value": "o%3A"
               },
               {
                  "key": "perm_toolbarVisible_widget_ed62d6ac-87aa-40fe-8eec-e677c6e637ea_88a9dc48-c0de-4fc0-8bff-c9117ca61b62",
                  "value": "b%3A1"
               },
               {
                  "key": "permDateRange1_permMetricChart_widget_ed62d6ac-87aa-40fe-8eec-e677c6e637ea_88a9dc48-c0de-4fc0-8bff-c9117ca61b62",
                  "value": "s%3A%7B%22dateRange%22%3A%22dashboardTime%22%2C%22dateFrom%22%3Anull%2C%22dateTo%22%3Anull%2C%22timeFrom%22%3Anull%2C%22timeTo%22%3Anull%7D"
               },
               {
                  "key": "permDateRange3_permMetricChart_widget_ed62d6ac-87aa-40fe-8eec-e677c6e637ea_88a9dc48-c0de-4fc0-8bff-c9117ca61b62",
                  "value": "s%3A%7B%22dateRange%22%3A2%2C%22dateFrom%22%3Anull%2C%22dateTo%22%3Anull%2C%22timeFrom%22%3Anull%2C%22timeTo%22%3Anull%7D"
               },
               {
                  "key": "permDateRange2_permMetricChart_widget_ed62d6ac-87aa-40fe-8eec-e677c6e637ea_88a9dc48-c0de-4fc0-8bff-c9117ca61b62",
                  "value": "s%3A%7B%22dateRange%22%3A1%2C%22dateFrom%22%3Anull%2C%22dateTo%22%3Anull%2C%22timeFrom%22%3Anull%2C%22timeTo%22%3Anull%7D"
               },
               {
                  "key": "permBtn_zoomAllGraphs_permMetricChart_widget_ed62d6ac-87aa-40fe-8eec-e677c6e637ea_88a9dc48-c0de-4fc0-8bff-c9117ca61b62",
                  "value": "b%3A0"
               },
               {
                  "key": "permBtn_splitGraphs_permMetricChart_widget_ed62d6ac-87aa-40fe-8eec-e677c6e637ea_88a9dc48-c0de-4fc0-8bff-c9117ca61b62",
                  "value": "b%3A1"
               }
            ],
            "title": "CPU Usage (for selected VM)",
            "type": "MetricChart"
         },
         {
            "collapsed": false,
            "config": {
               "chartViewItems": ["labels"],
               "isUpdatedView": true,
               "refreshContent": {"refreshContent": true},
               "refreshInterval": 300,
               "resource": {
                  "id": "Ext.vcops.chrome.model.Resource-13",
                  "resourceId": "resource:id:0_::_",
                  "resourceKindId": "002006VMWAREvSphere World",
                  "resourceName": "vSphere World",
                  "traversalSpecId": ""
               },
               "selectFirstRow": {"selectFirstRow": false},
               "selfProvider": {"selfProvider": true},
               "title": "VM OS Distribution",
               "traversalSpecId": null,
               "viewDefinitionId": "add79651-6238-4507-a690-8db168ecf514"
            },
            "gridsterCoords": {
               "h": 6,
               "w": 6,
               "x": 1,
               "y": 1
            },
            "height": 324,
            "id": "ead81861-4813-4499-829d-ca5c3b2e498f",
            "states": [{
               "key": "perm_isDashboardTime_widget_ed62d6ac-87aa-40fe-8eec-e677c6e637ea_ead81861-4813-4499-829d-ca5c3b2e498f",
               "value": "b%3A0"
            }],
            "title": "VM OS Distribution",
            "type": "View"
         },
         {
            "collapsed": false,
            "config": {
               "chartViewItems": ["labels"],
               "isUpdatedView": true,
               "refreshContent": {"refreshContent": true},
               "refreshInterval": 300,
               "resource": {
                  "id": "Ext.vcops.chrome.model.Resource-17",
                  "resourceId": "resource:id:0_::_",
                  "resourceKindId": "002006VMWAREvSphere World",
                  "resourceName": "vSphere World",
                  "traversalSpecId": ""
               },
               "selectFirstRow": {"selectFirstRow": false},
               "selfProvider": {"selfProvider": true},
               "title": "VM Tools Distribution",
               "traversalSpecId": null,
               "viewDefinitionId": "bcd4fceb-a341-416e-ad5d-562c91451005"
            },
            "gridsterCoords": {
               "h": 6,
               "w": 6,
               "x": 7,
               "y": 1
            },
            "height": 323,
            "id": "dabec468-03cc-4807-84fd-a42987dc3b89",
            "states": [{
               "key": "perm_isDashboardTime_widget_ed62d6ac-87aa-40fe-8eec-e677c6e637ea_dabec468-03cc-4807-84fd-a42987dc3b89",
               "value": "b%3A0"
            }],
            "title": "VM Tools Distribution",
            "type": "View"
         }
      ]
   }],
   "entries": {
      "resource": [{
         "adapterKindKey": "VMWARE",
         "identifiers": [],
         "internalId": "resource:id:0_::_",
         "name": "vSphere World",
         "resourceKindKey": "vSphere World"
      }],
      "resourceKind": [{
         "adapterKindKey": "VMWARE",
         "internalId": "resourceKind:id:0_::_",
         "resourceKindKey": "VirtualMachine"
      }]
   },
   "uuid": "2d0ec449-9e60-43ec-9c41-59a86861506f"
}