<?xml version="1.0" encoding="UTF-8" standalone="yes"?>
<Content>
        
    <Views>
                
        <ViewDef id="bf6f779d-b37d-408e-a0c9-3e0cf25aa2f5">
                        
            <Title>VM Filesystem/Drive Summary</Title>
                        
            <Description>VM Filesystem/Drive Summary</Description>
                        
            <SubjectType adapterKind="VMWARE" resourceKind="VirtualMachine" type="descendant"/>
                        
            <SubjectType adapterKind="VMWARE" resourceKind="VirtualMachine" type="self"/>
                        
            <Usage>dashboard</Usage>
                        
            <Usage>report</Usage>
                        
            <Usage>details</Usage>
                        
            <Usage>content</Usage>
                        
            <Controls>
                                
                <Control id="time-interval-selector_id_301" type="time-interval-selector" visible="false">
                                        
                    <Property name="advancedTimeMode" value="false"/>
                                        
                    <Property name="unit" value="DAYS"/>
                                        
                    <Property name="count" value="7"/>
                                    
                </Control>
                                
                <Control id="attributes-selector_id_302" type="attributes-selector" visible="false">
                                        
                    <Property name="attributeInfos">
                                                
                        <List>
                                                        
                            <Item>
                                
                                <Value>
                                        
                                    <Property name="objectType" value="RESOURCE"/>
                                        
                                    <Property name="attributeKey" value="Instance Name"/>
                                        
                                    <Property name="rollUpCount" value="0"/>
                                        
                                    <Property name="isInstancedGroup" value="true"/>
                                        
                                    <Property name="showInstanceName" value="true"/>
                                        
                                    <Property name="instanceGroupName" value="GROUP_guestfilesystem"/>
                                        
                                    <Property name="keepInstanceSummary" value="false"/>
                                        
                                    <Property name="displayName" value="File System"/>
                                    
                                </Value>
                                                            
                            </Item>
                                                        
                            <Item>
                                
                                <Value>
                                        
                                    <Property name="objectType" value="RESOURCE"/>
                                        
                                    <Property name="attributeKey" value="guestfilesystem:/|percentage"/>
                                        
                                    <Property name="preferredUnitId" value="percent"/>
                                        
                                    <Property name="isStringAttribute" value="false"/>
                                        
                                    <Property name="adapterKind" value="VMWARE"/>
                                        
                                    <Property name="resourceKind" value="VirtualMachine"/>
                                        
                                    <Property name="rollUpType" value="NONE"/>
                                        
                                    <Property name="rollUpCount" value="0"/>
                                        
                                    <Property name="transformations">
                                                
                                        <List>
                                                        
                                            <Item value="CURRENT"/>
                                                    
                                        </List>
                                            
                                    </Property>
                                        
                                    <Property name="sortCriteria" value="false"/>
                                        
                                    <Property name="isProperty" value="false"/>
                                        
                                    <Property name="yellowBound" value="90"/>
                                        
                                    <Property name="orangeBound" value="95"/>
                                        
                                    <Property name="redBound" value="99"/>
                                        
                                    <Property name="ascendingRange" value="false"/>
                                        
                                    <Property name="displayName" value="Space Used (%)"/>
                                        
                                    <Property name="addTimestampAsColumn" value="false"/>
                                        
                                    <Property name="isShowRelativeTimestamp" value="false"/>
                                    
                                </Value>
                                                            
                            </Item>
                                                        
                            <Item>
                                
                                <Value>
                                        
                                    <Property name="objectType" value="RESOURCE"/>
                                        
                                    <Property name="attributeKey" value="guestfilesystem:/|usage"/>
                                        
                                    <Property name="preferredUnitId" value="gb"/>
                                        
                                    <Property name="isStringAttribute" value="false"/>
                                        
                                    <Property name="adapterKind" value="VMWARE"/>
                                        
                                    <Property name="resourceKind" value="VirtualMachine"/>
                                        
                                    <Property name="rollUpType" value="NONE"/>
                                        
                                    <Property name="rollUpCount" value="0"/>
                                        
                                    <Property name="transformations">
                                                
                                        <List>
                                                        
                                            <Item value="CURRENT"/>
                                                    
                                        </List>
                                            
                                    </Property>
                                        
                                    <Property name="isProperty" value="false"/>
                                        
                                    <Property name="displayName" value="Space Used (GB)"/>
                                        
                                    <Property name="addTimestampAsColumn" value="false"/>
                                        
                                    <Property name="isShowRelativeTimestamp" value="false"/>
                                    
                                </Value>
                                                            
                            </Item>
                                                        
                            <Item>
                                
                                <Value>
                                        
                                    <Property name="objectType" value="RESOURCE"/>
                                        
                                    <Property name="attributeKey" value="guestfilesystem:/|capacity"/>
                                        
                                    <Property name="preferredUnitId" value="gb"/>
                                        
                                    <Property name="isStringAttribute" value="false"/>
                                        
                                    <Property name="adapterKind" value="VMWARE"/>
                                        
                                    <Property name="resourceKind" value="VirtualMachine"/>
                                        
                                    <Property name="rollUpType" value="NONE"/>
                                        
                                    <Property name="rollUpCount" value="0"/>
                                        
                                    <Property name="transformations">
                                                
                                        <List>
                                                        
                                            <Item value="CURRENT"/>
                                                    
                                        </List>
                                            
                                    </Property>
                                        
                                    <Property name="isProperty" value="false"/>
                                        
                                    <Property name="displayName" value="Space Total (GB)"/>
                                        
                                    <Property name="addTimestampAsColumn" value="false"/>
                                        
                                    <Property name="isShowRelativeTimestamp" value="false"/>
                                    
                                </Value>
                                                            
                            </Item>
                                                    
                        </List>
                                            
                    </Property>
                                    
                </Control>
                                
                <Control id="pagination-control_id_303" type="pagination-control" visible="true">
                                        
                    <Property name="start" value="0"/>
                                        
                    <Property name="size" value="50"/>
                                    
                </Control>
                                
                <Control id="metadata_id_304" type="metadata" visible="false">
                                        
                    <Property name="maxPointsCount" value="5000"/>
                                        
                    <Property name="hideObjectNameColumn" value="false"/>
                                        
                    <Property name="listTopResultSize" value="-1"/>
                                    
                </Control>
                            
            </Controls>
                        
            <DataProviders>
                                
                <DataProvider dataType="list-view" id="list-view_id_300"/>
                            
            </DataProviders>
                        
            <Presentation type="list"/>
                    
        </ViewDef>
            
    </Views>
    
</Content>
